transaction_id,date,customer_id,product_id,quantity,total_amount
1,2023-11-24,CUST001,PROD001,3,150
2,2023-02-27,CUST002,PROD002,2,1000
3,2023-01-13,CUST003,PROD003,1,30
4,2023-05-21,CUST004,PROD002,1,500
5,2023-05-06,CUST005,PROD001,2,100
6,2023-04-25,CUST006,PROD004,1,30
7,2023-03-13,CUST007,PROD005,2,50
8,2023-02-22,CUST008,PROD006,4,100
9,2023-12-13,CUST009,PROD007,2,600
10,2023-10-07,CUST010,PROD008,4,200
11,2023-02-14,CUST011,PROD008,2,100
12,2023-10-30,CUST012,PROD009,3,75
13,2023-08-05,CUST013,PROD010,3,1500
14,2023-01-17,CUST014,PROD011,4,120
15,2023-01-16,CUST015,PROD010,4,2000
16,2023-02-17,CUST016,PROD002,3,1500
17,2023-04-22,CUST017,PROD005,4,100
18,2023-04-30,CUST018,PROD006,2,50
19,2023-09-16,CUST019,PROD005,2,50
20,2023-11-05,CUST020,PROD012,3,900
21,2023-01-14,CUST021,PROD013,1,500
22,2023-10-15,CUST022,PROD008,2,100
23,2023-04-12,CUST023,PROD011,4,120
24,2023-11-29,CUST024,PROD012,1,300
25,2023-12-26,CUST025,PROD001,1,50
26,2023-10-07,CUST026,PROD010,2,1000
27,2023-08-03,CUST027,PROD009,2,50
28,2023-04-23,CUST028,PROD013,1,500
29,2023-08-18,CUST029,PROD003,1,30
30,2023-10-29,CUST030,PROD014,3,900
31,2023-05-23,CUST031,PROD007,4,1200
32,2023-01-04,CUST032,PROD004,3,90
33,2023-03-23,CUST033,PROD015,2,100
34,2023-12-24,CUST034,PROD008,3,150
35,2023-08-05,CUST035,PROD014,3,900
36,2023-06-24,CUST036,PROD014,3,900
37,2023-05-23,CUST037,PROD009,3,75
38,2023-03-21,CUST038,PROD001,4,200
39,2023-04-21,CUST039,PROD011,4,120
40,2023-06-22,CUST040,PROD001,1,50
41,2023-02-22,CUST041,PROD005,2,50
42,2023-02-17,CUST042,PROD012,3,900
43,2023-07-14,CUST043,PROD012,1,300
44,2023-02-19,CUST044,PROD005,1,25
45,2023-07-03,CUST045,PROD003,1,30
46,2023-06-26,CUST046,PROD007,4,1200
47,2023-11-06,CUST047,PROD013,3,1500
48,2023-05-16,CUST048,PROD007,3,900
49,2023-01-23,CUST049,PROD010,2,1000
50,2023-08-24,CUST050,PROD009,3,75
51,2023-10-02,CUST051,PROD009,3,75
52,2023-03-05,CUST052,PROD014,1,300
53,2023-07-13,CUST053,PROD015,2,100
54,2023-02-10,CUST054,PROD010,3,1500
55,2023-10-10,CUST055,PROD004,4,120
56,2023-05-31,CUST056,PROD012,3,900
57,2023-11-18,CUST057,PROD004,1,30
58,2023-11-13,CUST058,PROD012,4,1200
59,2023-07-05,CUST059,PROD008,1,50
60,2023-10-23,CUST060,PROD001,3,150
61,2023-04-09,CUST061,PROD001,4,200
62,2023-12-27,CUST062,PROD001,2,100
63,2023-02-05,CUST063,PROD006,2,50
64,2023-01-24,CUST064,PROD005,4,100
65,2023-12-05,CUST065,PROD010,4,2000
66,2023-04-27,CUST066,PROD003,1,30
67,2023-05-29,CUST067,PROD014,4,1200
68,2023-02-10,CUST068,PROD007,1,300
69,2023-04-30,CUST069,PROD009,3,75
70,2023-02-21,CUST070,PROD012,1,300
71,2023-07-14,CUST071,PROD009,4,100
72,2023-05-23,CUST072,PROD010,4,2000
73,2023-08-21,CUST073,PROD003,3,90
74,2023-11-22,CUST074,PROD013,4,2000
75,2023-07-06,CUST075,PROD001,4,200
76,2023-03-25,CUST076,PROD015,2,100
77,2023-07-09,CUST077,PROD008,2,100
78,2023-07-01,CUST078,PROD002,3,1500
79,2023-04-18,CUST079,PROD014,1,300
80,2023-12-10,CUST080,PROD011,2,60
81,2023-05-17,CUST081,PROD015,1,50
82,2023-12-26,CUST082,PROD001,4,200
83,2023-12-16,CUST083,PROD015,2,100
84,2023-11-28,CUST084,PROD003,3,90
85,2023-02-06,CUST085,PROD008,3,150
86,2023-11-08,CUST086,PROD004,3,90
87,2023-11-22,CUST087,PROD001,2,100
88,2023-03-29,CUST088,PROD002,1,500
89,2023-10-01,CUST089,PROD010,4,2000
90,2023-05-06,CUST090,PROD003,1,30
91,2023-03-25,CUST091,PROD010,1,500
92,2023-08-25,CUST092,PROD003,4,120
93,2023-07-14,CUST093,PROD013,4,2000
94,2023-05-19,CUST094,PROD013,2,1000
95,2023-11-24,CUST095,PROD011,2,60
96,2023-12-19,CUST096,PROD012,2,600
97,2023-10-13,CUST097,PROD013,2,1000
98,2023-04-23,CUST098,PROD001,2,100
99,2023-12-17,CUST099,PROD007,4,1200
100,2023-06-16,CUST100,PROD003,1,30
101,2023-01-29,CUST101,PROD012,2,600
102,2023-04-28,CUST102,PROD009,2,50
103,2023-01-17,CUST103,PROD005,1,25
104,2023-06-11,CUST104,PROD013,2,1000
105,2023-07-25,CUST105,PROD010,1,500
106,2023-05-18,CUST106,PROD008,1,50
107,2023-02-03,CUST107,PROD012,4,1200
108,2023-04-19,CUST108,PROD009,3,75
109,2023-10-18,CUST109,PROD010,4,2000
110,2023-06-11,CUST110,PROD012,3,900
111,2023-04-19,CUST111,PROD010,3,1500
112,2023-12-02,CUST112,PROD002,3,1500
113,2023-09-13,CUST113,PROD006,2,50
114,2023-07-22,CUST114,PROD009,4,100
115,2023-11-26,CUST115,PROD002,3,1500
116,2023-08-23,CUST116,PROD011,1,30
117,2023-03-15,CUST117,PROD010,2,1000
118,2023-05-16,CUST118,PROD010,4,2000
119,2023-03-13,CUST119,PROD008,3,150
120,2023-05-07,CUST120,PROD001,1,50
121,2023-10-15,CUST121,PROD015,4,200
122,2023-10-03,CUST122,PROD003,4,120
123,2023-05-15,CUST123,PROD003,2,60
124,2023-10-27,CUST124,PROD002,4,2000
125,2023-08-08,CUST125,PROD008,2,100
126,2023-10-26,CUST126,PROD011,3,90
127,2023-07-24,CUST127,PROD005,2,50
128,2023-07-05,CUST128,PROD013,1,500
129,2023-04-23,CUST129,PROD014,2,600
130,2023-03-12,CUST130,PROD002,1,500
131,2023-09-18,CUST131,PROD014,2,600
132,2023-09-10,CUST132,PROD015,4,200
133,2023-02-16,CUST133,PROD007,3,900
134,2023-01-25,CUST134,PROD015,1,50
135,2023-02-26,CUST135,PROD005,2,50
136,2023-03-20,CUST136,PROD007,2,600
137,2023-11-18,CUST137,PROD013,2,1000
138,2023-03-23,CUST138,PROD008,4,200
139,2023-12-15,CUST139,PROD013,4,2000
140,2023-08-05,CUST140,PROD003,1,30
141,2023-11-02,CUST141,PROD015,1,50
142,2023-02-02,CUST142,PROD007,4,1200
143,2023-07-17,CUST143,PROD008,1,50
144,2023-07-15,CUST144,PROD013,3,1500
145,2023-11-02,CUST145,PROD005,3,75
146,2023-08-28,CUST146,PROD008,4,200
147,2023-09-28,CUST147,PROD007,1,300
148,2023-05-09,CUST148,PROD011,2,60
149,2023-10-11,CUST149,PROD005,3,75
150,2023-01-06,CUST150,PROD003,4,120
151,2023-12-15,CUST151,PROD008,1,50
152,2023-02-28,CUST152,PROD010,4,2000
153,2023-12-16,CUST153,PROD010,2,1000
154,2023-10-02,CUST154,PROD007,3,900
155,2023-05-17,CUST155,PROD010,4,2000
156,2023-11-25,CUST156,PROD005,4,100
157,2023-06-24,CUST157,PROD010,4,2000
158,2023-02-27,CUST158,PROD007,2,600
159,2023-05-31,CUST159,PROD008,4,200
160,2023-08-11,CUST160,PROD008,2,100
161,2023-03-22,CUST161,PROD013,2,1000
162,2023-08-21,CUST162,PROD011,2,60
163,2023-01-02,CUST163,PROD008,3,150
164,2023-05-15,CUST164,PROD013,3,1500
165,2023-09-14,CUST165,PROD012,4,1200
166,2023-04-02,CUST166,PROD002,4,2000
167,2023-09-17,CUST167,PROD008,3,150
168,2023-02-24,CUST168,PROD012,1,300
169,2023-11-17,CUST169,PROD013,3,1500
170,2023-06-02,CUST170,PROD005,2,50
171,2023-11-24,CUST171,PROD012,3,900
172,2023-09-17,CUST172,PROD009,2,50
173,2023-11-08,CUST173,PROD003,4,120
174,2023-04-12,CUST174,PROD014,1,300
175,2023-03-20,CUST175,PROD006,4,100
176,2023-07-11,CUST176,PROD001,2,100
177,2023-03-24,CUST177,PROD001,2,100
178,2023-10-04,CUST178,PROD011,2,60
179,2023-09-29,CUST179,PROD007,1,300
180,2023-01-01,CUST180,PROD012,3,900
181,2023-11-03,CUST181,PROD007,4,1200
182,2023-06-15,CUST182,PROD004,4,120
183,2023-09-08,CUST183,PROD014,3,900
184,2023-01-10,CUST184,PROD015,4,200
185,2023-02-27,CUST185,PROD005,1,25
186,2023-07-05,CUST186,PROD008,4,200
187,2023-06-07,CUST187,PROD008,2,100
188,2023-05-03,CUST188,PROD005,3,75
189,2023-01-30,CUST189,PROD001,1,50
190,2023-05-04,CUST190,PROD004,3,90
191,2023-10-18,CUST191,PROD009,1,25
192,2023-02-10,CUST192,PROD001,2,100
193,2023-02-13,CUST193,PROD013,3,1500
194,2023-09-06,CUST194,PROD008,4,200
195,2023-02-05,CUST195,PROD011,1,30
196,2023-09-30,CUST196,PROD012,3,900
197,2023-03-06,CUST197,PROD008,4,200
198,2023-03-07,CUST198,PROD014,3,900
199,2023-12-04,CUST199,PROD013,3,1500
200,2023-09-01,CUST200,PROD001,3,150
201,2023-10-09,CUST201,PROD006,1,25
202,2023-03-26,CUST202,PROD012,4,1200
203,2023-05-16,CUST203,PROD002,2,1000
204,2023-09-28,CUST204,PROD009,1,25
205,2023-11-07,CUST205,PROD005,1,25
206,2023-08-05,CUST206,PROD005,1,25
207,2023-04-19,CUST207,PROD009,2,50
208,2023-10-04,CUST208,PROD015,4,200
209,2023-12-20,CUST209,PROD015,4,200
210,2023-04-13,CUST210,PROD015,4,200
211,2024-01-01,CUST211,PROD013,3,1500
212,2023-06-09,CUST212,PROD002,3,1500
213,2023-07-24,CUST213,PROD013,3,1500
214,2023-12-10,CUST214,PROD004,2,60
215,2023-11-29,CUST215,PROD002,3,1500
216,2023-07-11,CUST216,PROD015,2,100
217,2023-08-13,CUST217,PROD015,4,200
218,2023-09-22,CUST218,PROD004,3,90
219,2023-08-20,CUST219,PROD003,3,90
220,2023-03-03,CUST220,PROD013,1,500
221,2023-05-07,CUST221,PROD014,2,600
222,2023-04-26,CUST222,PROD011,4,120
223,2023-02-02,CUST223,PROD005,1,25
224,2023-06-23,CUST224,PROD008,1,50
225,2023-01-11,CUST225,PROD009,4,100
226,2023-10-29,CUST226,PROD008,1,50
227,2023-10-11,CUST227,PROD015,2,100
228,2023-04-28,CUST228,PROD003,2,60
229,2023-10-29,CUST229,PROD004,3,90
230,2023-04-23,CUST230,PROD009,1,25
231,2023-01-04,CUST231,PROD008,3,150
232,2023-02-06,CUST232,PROD009,1,25
233,2023-12-29,CUST233,PROD014,2,600
234,2023-11-20,CUST234,PROD006,2,50
235,2023-01-31,CUST235,PROD010,2,1000
236,2023-04-28,CUST236,PROD005,1,25
237,2023-02-04,CUST237,PROD013,2,1000
238,2023-01-17,CUST238,PROD013,1,500
239,2023-06-19,CUST239,PROD010,3,1500
240,2023-02-06,CUST240,PROD014,1,300
241,2023-09-21,CUST241,PROD006,3,75
242,2023-05-02,CUST242,PROD005,1,25
243,2023-05-23,CUST243,PROD007,3,900
244,2023-12-09,CUST244,PROD001,2,100
245,2023-09-06,CUST245,PROD011,3,90
246,2023-04-20,CUST246,PROD006,2,50
247,2023-10-04,CUST247,PROD003,2,60
248,2023-03-09,CUST248,PROD012,3,900
249,2023-10-20,CUST249,PROD008,1,50
250,2023-10-23,CUST250,PROD015,1,50
251,2023-08-31,CUST251,PROD001,4,200
252,2023-05-05,CUST252,PROD007,1,300
253,2023-08-31,CUST253,PROD002,4,2000
254,2023-07-28,CUST254,PROD010,1,500
255,2023-04-08,CUST255,PROD011,1,30
256,2023-02-18,CUST256,PROD002,2,1000
257,2023-02-19,CUST257,PROD013,4,2000
258,2023-12-04,CUST258,PROD008,1,50
259,2023-08-09,CUST259,PROD008,4,200
260,2023-07-01,CUST260,PROD004,2,60
261,2023-08-05,CUST261,PROD005,2,50
262,2023-07-30,CUST262,PROD004,4,120
263,2023-08-28,CUST263,PROD004,2,60
264,2023-01-28,CUST264,PROD012,3,900
265,2023-12-11,CUST265,PROD012,3,900
266,2023-12-01,CUST266,PROD003,2,60
267,2023-11-27,CUST267,PROD004,3,90
268,2023-02-20,CUST268,PROD003,1,30
269,2023-02-01,CUST269,PROD002,4,2000
270,2023-07-26,CUST270,PROD007,1,300
271,2023-06-23,CUST271,PROD004,4,120
272,2023-02-25,CUST272,PROD015,2,100
273,2023-05-08,CUST273,PROD001,1,50
274,2023-04-09,CUST274,PROD002,2,1000
275,2023-04-08,CUST275,PROD002,2,1000
276,2023-10-02,CUST276,PROD009,4,100
277,2023-08-18,CUST277,PROD005,4,100
278,2023-03-13,CUST278,PROD005,4,100
279,2023-08-05,CUST279,PROD002,1,500
280,2023-04-04,CUST280,PROD002,3,1500
281,2023-05-23,CUST281,PROD013,4,2000
282,2023-08-25,CUST282,PROD015,4,200
283,2023-05-08,CUST283,PROD010,1,500
284,2023-02-08,CUST284,PROD008,4,200
285,2023-08-15,CUST285,PROD006,1,25
286,2023-10-09,CUST286,PROD006,2,50
287,2023-02-20,CUST287,PROD005,4,100
288,2023-01-26,CUST288,PROD011,4,120
289,2023-11-30,CUST289,PROD003,2,60
290,2023-10-04,CUST290,PROD014,2,600
291,2023-01-08,CUST291,PROD012,2,600
292,2023-02-17,CUST292,PROD014,4,1200
293,2023-05-02,CUST293,PROD003,3,90
294,2023-03-27,CUST294,PROD011,3,90
295,2023-07-28,CUST295,PROD014,3,900
296,2023-09-06,CUST296,PROD012,4,1200
297,2023-09-04,CUST297,PROD010,2,1000
298,2023-04-20,CUST298,PROD014,4,1200
299,2023-07-25,CUST299,PROD010,2,1000
300,2023-01-31,CUST300,PROD015,4,200
301,2023-03-26,CUST301,PROD011,4,120
302,2023-07-14,CUST302,PROD014,2,600
303,2023-01-02,CUST303,PROD003,3,90
304,2023-07-19,CUST304,PROD003,2,60
305,2023-05-16,CUST305,PROD004,1,30
306,2023-08-21,CUST306,PROD015,1,50
307,2023-05-27,CUST307,PROD006,2,50
308,2023-08-05,CUST308,PROD014,4,1200
309,2023-12-23,CUST309,PROD009,1,25
310,2023-10-12,CUST310,PROD009,1,25
311,2023-12-05,CUST311,PROD009,4,100
312,2023-09-07,CUST312,PROD011,4,120
313,2023-03-21,CUST313,PROD013,3,1500
314,2023-04-08,CUST314,PROD011,4,120
315,2023-06-01,CUST315,PROD011,2,60
316,2023-04-22,CUST316,PROD005,2,50
317,2023-01-30,CUST317,PROD003,3,90
318,2023-10-24,CUST318,PROD005,1,25
319,2023-10-05,CUST319,PROD002,1,500
320,2023-02-01,CUST320,PROD007,4,1200
321,2023-06-10,CUST321,PROD006,2,50
322,2023-01-30,CUST322,PROD010,1,500
323,2023-01-26,CUST323,PROD014,3,900
324,2023-10-27,CUST324,PROD015,3,150
325,2023-09-02,CUST325,PROD006,2,50
326,2023-09-15,CUST326,PROD005,3,75
327,2023-09-29,CUST327,PROD015,3,150
328,2023-03-22,CUST328,PROD001,2,100
329,2023-01-30,CUST329,PROD006,4,100
330,2023-09-18,CUST330,PROD001,4,200
331,2023-02-11,CUST331,PROD003,3,90
332,2023-04-06,CUST332,PROD007,4,1200
333,2023-02-05,CUST333,PROD007,4,1200
334,2023-11-01,CUST334,PROD007,3,900
335,2023-02-04,CUST335,PROD004,4,120
336,2023-12-12,CUST336,PROD001,3,150
337,2023-05-01,CUST337,PROD002,1,500
338,2023-07-26,CUST338,PROD001,2,100
339,2023-03-03,CUST339,PROD006,2,50
340,2023-10-19,CUST340,PROD012,4,1200
341,2023-05-07,CUST341,PROD008,4,200
342,2023-10-24,CUST342,PROD002,4,2000
343,2023-11-01,CUST343,PROD006,2,50
344,2023-01-21,CUST344,PROD004,1,30
345,2023-11-14,CUST345,PROD003,1,30
346,2023-02-11,CUST346,PROD002,2,1000
347,2023-08-03,CUST347,PROD006,1,25
348,2023-12-03,CUST348,PROD007,2,600
349,2023-10-26,CUST349,PROD001,1,50
350,2023-10-17,CUST350,PROD009,3,75
351,2023-09-25,CUST351,PROD011,3,90
352,2023-06-11,CUST352,PROD010,2,1000
353,2023-05-14,CUST353,PROD010,1,500
354,2023-04-15,CUST354,PROD001,4,200
355,2023-12-09,CUST355,PROD010,1,500
356,2023-06-10,CUST356,PROD010,3,1500
357,2023-05-03,CUST357,PROD006,3,75
358,2023-05-16,CUST358,PROD014,1,300
359,2023-07-22,CUST359,PROD008,1,50
360,2023-03-09,CUST360,PROD005,4,100
361,2023-12-10,CUST361,PROD007,4,1200
362,2023-11-27,CUST362,PROD005,1,25
363,2023-06-03,CUST363,PROD009,1,25
364,2023-08-23,CUST364,PROD013,1,500
365,2023-06-11,CUST365,PROD012,1,300
366,2023-02-07,CUST366,PROD008,2,100
367,2023-01-05,CUST367,PROD015,1,50
368,2023-08-23,CUST368,PROD012,4,1200
369,2023-11-15,CUST369,PROD010,3,1500
370,2023-10-16,CUST370,PROD003,2,60
371,2023-02-21,CUST371,PROD009,1,25
372,2023-02-07,CUST372,PROD013,3,1500
373,2023-10-03,CUST373,PROD014,2,600
374,2023-04-20,CUST374,PROD009,3,75
375,2023-09-17,CUST375,PROD008,1,50
376,2023-05-16,CUST376,PROD004,1,30
377,2023-03-09,CUST377,PROD008,4,200
378,2023-06-28,CUST378,PROD014,1,300
379,2023-02-05,CUST379,PROD005,1,25
380,2023-05-06,CUST380,PROD007,2,600
381,2023-07-09,CUST381,PROD005,4,100
382,2023-05-26,CUST382,PROD002,2,1000
383,2023-03-22,CUST383,PROD004,3,90
384,2023-08-13,CUST384,PROD002,1,500
385,2023-10-06,CUST385,PROD010,3,1500
386,2023-12-27,CUST386,PROD007,2,600
387,2023-06-04,CUST387,PROD004,1,30
388,2023-11-10,CUST388,PROD006,1,25
389,2023-12-01,CUST389,PROD005,2,50
390,2023-09-28,CUST390,PROD015,2,100
391,2023-01-05,CUST391,PROD009,2,50
392,2023-12-08,CUST392,PROD012,2,600
393,2023-10-11,CUST393,PROD013,2,1000
394,2023-06-03,CUST394,PROD002,1,500
395,2023-12-06,CUST395,PROD010,2,1000
396,2023-02-23,CUST396,PROD004,1,30
397,2023-03-10,CUST397,PROD009,1,25
398,2023-05-16,CUST398,PROD012,2,600
399,2023-03-01,CUST399,PROD004,2,60
400,2023-02-24,CUST400,PROD008,4,200
401,2023-10-11,CUST401,PROD012,1,300
402,2023-03-21,CUST402,PROD012,2,600
403,2023-05-20,CUST403,PROD012,2,600
404,2023-05-25,CUST404,PROD010,2,1000
405,2023-11-06,CUST405,PROD012,4,1200
406,2023-04-18,CUST406,PROD009,4,100
407,2023-06-25,CUST407,PROD007,3,900
408,2023-04-15,CUST408,PROD013,1,500
409,2023-12-18,CUST409,PROD007,3,900
410,2023-11-21,CUST410,PROD008,2,100
411,2023-05-16,CUST411,PROD015,4,200
412,2023-09-16,CUST412,PROD010,4,2000
413,2023-09-08,CUST413,PROD009,3,75
414,2023-05-09,CUST414,PROD009,4,100
415,2023-01-27,CUST415,PROD011,2,60
416,2023-02-17,CUST416,PROD010,4,2000
417,2023-11-21,CUST417,PROD007,3,900
418,2023-08-05,CUST418,PROD010,2,1000
419,2023-05-22,CUST419,PROD011,3,90
420,2023-01-23,CUST420,PROD002,4,2000
421,2023-01-02,CUST421,PROD002,3,1500
422,2023-06-20,CUST422,PROD011,3,90
423,2023-03-08,CUST423,PROD005,1,25
424,2023-11-23,CUST424,PROD014,4,1200
425,2023-05-15,CUST425,PROD003,4,120
426,2023-03-24,CUST426,PROD015,3,150
427,2023-08-15,CUST427,PROD006,1,25
428,2023-10-10,CUST428,PROD015,4,200
429,2023-12-28,CUST429,PROD006,2,50
430,2023-08-07,CUST430,PROD007,3,900
431,2023-10-15,CUST431,PROD007,4,1200
432,2023-01-05,CUST432,PROD010,2,1000
433,2023-02-27,CUST433,PROD001,4,200
434,2023-02-08,CUST434,PROD006,2,50
435,2023-12-20,CUST435,PROD014,3,900
436,2023-03-18,CUST436,PROD011,4,120
437,2023-10-07,CUST437,PROD007,4,1200
438,2023-01-19,CUST438,PROD011,1,30
439,2023-07-09,CUST439,PROD005,3,75
440,2023-10-26,CUST440,PROD012,2,600
441,2023-10-10,CUST441,PROD014,4,1200
442,2023-03-17,CUST442,PROD005,4,100
443,2023-08-09,CUST443,PROD012,2,600
444,2023-03-07,CUST444,PROD011,3,90
445,2023-01-22,CUST445,PROD007,1,300
446,2023-06-07,CUST446,PROD015,1,50
447,2023-07-06,CUST447,PROD013,4,2000
448,2023-01-21,CUST448,PROD004,2,60
449,2023-07-03,CUST449,PROD015,4,200
450,2023-04-18,CUST450,PROD009,2,50
451,2023-12-16,CUST451,PROD003,1,30
452,2023-05-08,CUST452,PROD002,3,1500
453,2023-12-08,CUST453,PROD002,2,1000
454,2023-02-22,CUST454,PROD009,1,25
455,2023-07-01,CUST455,PROD006,4,100
456,2023-10-14,CUST456,PROD003,2,60
457,2023-07-28,CUST457,PROD014,3,900
458,2023-11-14,CUST458,PROD006,4,100
459,2023-03-21,CUST459,PROD012,4,1200
460,2023-05-02,CUST460,PROD001,1,50
461,2023-03-25,CUST461,PROD013,2,1000
462,2023-04-01,CUST462,PROD007,4,1200
463,2023-07-31,CUST463,PROD013,3,1500
464,2023-01-13,CUST464,PROD007,2,600
465,2023-04-02,CUST465,PROD015,3,150
466,2023-06-20,CUST466,PROD006,4,100
467,2023-07-30,CUST467,PROD015,3,150
468,2023-12-09,CUST468,PROD006,1,25
469,2023-05-08,CUST469,PROD009,3,75
470,2023-05-17,CUST470,PROD002,2,1000
471,2023-03-23,CUST471,PROD008,3,150
472,2023-12-26,CUST472,PROD014,3,900
473,2023-02-25,CUST473,PROD001,1,50
474,2023-07-15,CUST474,PROD002,3,1500
475,2023-01-20,CUST475,PROD005,3,75
476,2023-08-29,CUST476,PROD002,4,2000
477,2023-04-24,CUST477,PROD011,4,120
478,2023-04-13,CUST478,PROD011,2,60
479,2023-08-24,CUST479,PROD007,4,1200
480,2023-06-29,CUST480,PROD013,4,2000
481,2023-06-06,CUST481,PROD007,4,1200
482,2023-04-27,CUST482,PROD012,4,1200
483,2023-04-25,CUST483,PROD011,1,30
484,2023-01-13,CUST484,PROD012,4,1200
485,2023-12-04,CUST485,PROD003,1,30
486,2023-04-09,CUST486,PROD006,1,25
487,2023-07-24,CUST487,PROD002,4,2000
488,2023-06-18,CUST488,PROD007,3,900
489,2023-05-23,CUST489,PROD003,1,30
490,2023-02-05,CUST490,PROD008,3,150
491,2023-05-23,CUST491,PROD007,3,900
492,2023-06-29,CUST492,PROD009,4,100
493,2023-11-25,CUST493,PROD009,2,50
494,2023-09-18,CUST494,PROD001,4,200
495,2023-07-24,CUST495,PROD004,2,60
496,2023-12-14,CUST496,PROD012,2,600
497,2023-10-02,CUST497,PROD011,4,120
498,2023-06-19,CUST498,PROD005,4,100
499,2023-01-15,CUST499,PROD004,2,60
500,2023-03-01,CUST500,PROD009,4,100
501,2023-05-14,CUST501,PROD003,2,60
502,2023-04-02,CUST502,PROD015,3,150
503,2023-10-25,CUST503,PROD013,4,2000
504,2023-05-16,CUST504,PROD001,3,150
505,2023-01-20,CUST505,PROD001,1,50
506,2023-02-25,CUST506,PROD013,3,1500
507,2023-11-02,CUST507,PROD010,3,1500
508,2023-08-11,CUST508,PROD014,2,600
509,2023-06-26,CUST509,PROD007,3,900
510,2023-06-10,CUST510,PROD001,4,200
511,2023-08-12,CUST511,PROD001,2,100
512,2023-11-07,CUST512,PROD009,1,25
513,2023-09-19,CUST513,PROD006,4,100
514,2023-03-01,CUST514,PROD007,1,300
515,2023-07-17,CUST515,PROD012,3,900
516,2023-10-23,CUST516,PROD009,4,100
517,2023-04-08,CUST517,PROD005,4,100
518,2023-05-11,CUST518,PROD011,1,30
519,2023-01-23,CUST519,PROD003,4,120
520,2023-12-29,CUST520,PROD006,4,100
521,2023-08-12,CUST521,PROD011,4,120
522,2023-01-01,CUST522,PROD013,3,1500
523,2023-09-24,CUST523,PROD007,1,300
524,2023-10-03,CUST524,PROD014,4,1200
525,2023-12-18,CUST525,PROD009,2,50
526,2023-12-10,CUST526,PROD008,2,100
527,2023-04-11,CUST527,PROD005,2,50
528,2023-07-06,CUST528,PROD011,2,60
529,2023-08-09,CUST529,PROD008,3,150
530,2023-02-05,CUST530,PROD003,4,120
531,2023-12-07,CUST531,PROD010,1,500
532,2023-06-19,CUST532,PROD011,4,120
533,2023-11-16,CUST533,PROD010,3,1500
534,2023-06-10,CUST534,PROD002,2,1000
535,2023-12-06,CUST535,PROD004,3,90
536,2023-03-05,CUST536,PROD004,4,120
537,2023-06-03,CUST537,PROD013,1,500
538,2023-09-17,CUST538,PROD008,3,150
539,2023-06-08,CUST539,PROD013,1,500
540,2023-12-08,CUST540,PROD007,3,900
541,2023-07-29,CUST541,PROD013,1,500
542,2023-06-17,CUST542,PROD001,1,50
543,2023-07-26,CUST543,PROD014,2,600
544,2023-12-23,CUST544,PROD006,1,25
545,2023-06-01,CUST545,PROD005,2,50
546,2023-10-11,CUST546,PROD015,4,200
547,2023-03-07,CUST547,PROD002,4,2000
548,2023-04-09,CUST548,PROD011,2,60
549,2023-08-04,CUST549,PROD001,2,100
550,2023-12-07,CUST550,PROD012,3,900
551,2023-07-14,CUST551,PROD007,3,900
552,2023-12-13,CUST552,PROD006,3,75
553,2023-03-31,CUST553,PROD012,4,1200
554,2023-11-12,CUST554,PROD001,3,150
555,2023-10-19,CUST555,PROD014,1,300
556,2023-06-04,CUST556,PROD015,1,50
557,2023-07-27,CUST557,PROD004,3,90
558,2023-10-08,CUST558,PROD005,1,25
559,2023-01-01,CUST559,PROD012,4,1200
560,2023-06-05,CUST560,PROD015,1,50
561,2023-05-27,CUST561,PROD002,4,2000
562,2023-04-18,CUST562,PROD006,2,50
563,2023-08-09,CUST563,PROD011,2,60
564,2023-10-24,CUST564,PROD015,2,100
565,2023-11-07,CUST565,PROD004,2,60
566,2023-12-02,CUST566,PROD011,1,30
567,2023-06-14,CUST567,PROD012,3,900
568,2023-08-27,CUST568,PROD007,1,300
569,2023-08-15,CUST569,PROD015,4,200
570,2023-08-15,CUST570,PROD002,1,500
571,2023-12-12,CUST571,PROD015,1,50
572,2023-04-20,CUST572,PROD002,4,2000
573,2023-09-19,CUST573,PROD004,2,60
574,2023-08-31,CUST574,PROD006,2,50
575,2023-03-28,CUST575,PROD008,2,100
576,2023-12-04,CUST576,PROD001,3,150
577,2023-02-13,CUST577,PROD013,4,2000
578,2023-05-26,CUST578,PROD011,4,120
579,2023-09-21,CUST579,PROD003,1,30
580,2023-12-06,CUST580,PROD002,3,1500
581,2023-11-21,CUST581,PROD004,2,60
582,2023-11-14,CUST582,PROD012,3,900
583,2023-06-21,CUST583,PROD006,4,100
584,2023-02-17,CUST584,PROD001,4,200
585,2023-05-01,CUST585,PROD005,1,25
586,2023-12-11,CUST586,PROD015,1,50
587,2023-06-08,CUST587,PROD014,4,1200
588,2023-04-26,CUST588,PROD003,2,60
589,2023-04-12,CUST589,PROD013,2,1000
590,2023-03-17,CUST590,PROD012,3,900
591,2023-01-13,CUST591,PROD006,4,100
592,2023-01-24,CUST592,PROD013,4,2000
593,2023-05-06,CUST593,PROD003,2,60
594,2023-09-01,CUST594,PROD007,2,600
595,2023-11-09,CUST595,PROD002,4,2000
596,2023-02-07,CUST596,PROD007,1,300
597,2023-08-22,CUST597,PROD014,4,1200
598,2023-08-01,CUST598,PROD004,4,120
599,2023-11-19,CUST599,PROD001,2,100
600,2023-10-22,CUST600,PROD013,2,1000
601,2023-04-10,CUST601,PROD011,1,30
602,2023-12-23,CUST602,PROD007,1,300
603,2023-07-16,CUST603,PROD011,3,90
604,2023-09-11,CUST604,PROD015,4,200
605,2023-07-24,CUST605,PROD010,2,1000
606,2023-05-05,CUST606,PROD015,1,50
607,2023-03-17,CUST607,PROD005,3,75
608,2023-12-02,CUST608,PROD010,3,1500
609,2023-12-19,CUST609,PROD008,2,100
610,2023-01-03,CUST610,PROD014,2,600
611,2023-02-24,CUST611,PROD013,3,1500
612,2023-08-06,CUST612,PROD010,1,500
613,2023-04-23,CUST613,PROD011,3,90
614,2023-04-01,CUST614,PROD014,4,1200
615,2023-12-23,CUST615,PROD005,4,100
616,2023-09-23,CUST616,PROD008,2,100
617,2023-08-26,CUST617,PROD003,1,30
618,2023-01-26,CUST618,PROD001,1,50
619,2023-10-13,CUST619,PROD006,4,100
620,2023-05-08,CUST620,PROD006,3,75
621,2023-03-04,CUST621,PROD013,2,1000
622,2023-08-22,CUST622,PROD009,3,75
623,2023-03-10,CUST623,PROD008,3,150
624,2023-08-26,CUST624,PROD014,3,900
625,2023-12-08,CUST625,PROD012,1,300
626,2023-09-29,CUST626,PROD002,4,2000
627,2023-10-14,CUST627,PROD008,1,50
628,2023-11-01,CUST628,PROD001,4,200
629,2023-06-12,CUST629,PROD006,2,50
630,2023-08-15,CUST630,PROD008,2,100
631,2023-11-10,CUST631,PROD003,3,90
632,2023-09-16,CUST632,PROD006,4,100
633,2023-08-07,CUST633,PROD004,4,120
634,2023-10-08,CUST634,PROD010,4,2000
635,2023-08-17,CUST635,PROD007,3,900
636,2023-03-23,CUST636,PROD013,3,1500
637,2023-09-01,CUST637,PROD012,2,600
638,2023-08-19,CUST638,PROD010,1,500
639,2023-05-13,CUST639,PROD001,4,200
640,2023-05-07,CUST640,PROD003,4,120
641,2023-11-23,CUST641,PROD007,1,300
642,2023-05-22,CUST642,PROD005,4,100
643,2023-09-24,CUST643,PROD003,3,90
644,2023-09-06,CUST644,PROD009,3,75
645,2023-11-17,CUST645,PROD003,4,120
646,2023-05-03,CUST646,PROD011,3,90
647,2023-05-21,CUST647,PROD002,3,1500
648,2023-08-14,CUST648,PROD014,4,1200
649,2023-02-09,CUST649,PROD012,2,600
650,2024-01-01,CUST650,PROD003,1,30
651,2023-05-27,CUST651,PROD008,3,150
652,2023-05-01,CUST652,PROD001,2,100
653,2023-05-20,CUST653,PROD005,3,75
654,2023-06-21,CUST654,PROD005,3,75
655,2023-06-13,CUST655,PROD002,1,500
656,2023-10-04,CUST656,PROD004,3,90
657,2023-02-11,CUST657,PROD005,1,25
658,2023-03-12,CUST658,PROD005,1,25
659,2023-03-19,CUST659,PROD003,1,30
660,2023-04-29,CUST660,PROD013,2,1000
661,2023-07-16,CUST661,PROD005,4,100
662,2023-12-22,CUST662,PROD013,2,1000
663,2023-03-20,CUST663,PROD012,4,1200
664,2023-12-28,CUST664,PROD002,4,2000
665,2023-04-20,CUST665,PROD008,1,50
666,2023-02-02,CUST666,PROD015,3,150
667,2023-08-01,CUST667,PROD010,1,500
668,2023-07-28,CUST668,PROD015,3,150
669,2023-06-19,CUST669,PROD014,4,1200
670,2023-10-05,CUST670,PROD004,1,30
671,2023-08-27,CUST671,PROD015,3,150
672,2023-08-01,CUST672,PROD001,2,100
673,2023-02-01,CUST673,PROD002,3,1500
674,2023-04-16,CUST674,PROD012,1,300
675,2023-08-04,CUST675,PROD011,2,60
676,2023-07-19,CUST676,PROD010,3,1500
677,2023-10-27,CUST677,PROD013,3,1500
678,2023-12-23,CUST678,PROD007,3,900
679,2023-01-11,CUST679,PROD004,3,90
680,2023-10-22,CUST680,PROD012,3,900
681,2023-07-14,CUST681,PROD003,2,60
682,2023-09-02,CUST682,PROD014,4,1200
683,2023-01-04,CUST683,PROD013,2,1000
684,2023-06-30,CUST684,PROD002,2,1000
685,2023-06-02,CUST685,PROD006,2,50
686,2023-07-19,CUST686,PROD015,4,200
687,2023-08-03,CUST687,PROD007,1,300
688,2023-10-03,CUST688,PROD005,4,100
689,2023-10-07,CUST689,PROD015,2,100
690,2023-11-05,CUST690,PROD012,3,900
691,2023-04-23,CUST691,PROD011,3,90
692,2023-09-07,CUST692,PROD008,2,100
693,2023-04-23,CUST693,PROD013,3,1500
694,2023-05-20,CUST694,PROD006,2,50
695,2023-08-12,CUST695,PROD015,3,150
696,2023-09-06,CUST696,PROD008,4,200
697,2023-01-15,CUST697,PROD002,1,500
698,2023-07-19,CUST698,PROD007,1,300
699,2023-06-22,CUST699,PROD011,4,120
700,2023-12-09,CUST700,PROD010,4,2000
701,2023-12-14,CUST701,PROD004,2,60
702,2023-07-27,CUST702,PROD012,2,600
703,2023-03-26,CUST703,PROD015,2,100
704,2023-08-28,CUST704,PROD011,3,90
705,2023-03-07,CUST705,PROD006,2,50
706,2023-11-15,CUST706,PROD006,4,100
707,2023-10-01,CUST707,PROD002,1,500
708,2023-01-14,CUST708,PROD014,3,900
709,2023-07-21,CUST709,PROD010,2,1000
710,2023-10-31,CUST710,PROD010,3,1500
711,2023-10-16,CUST711,PROD010,3,1500
712,2023-12-06,CUST712,PROD009,2,50
713,2023-01-14,CUST713,PROD009,3,75
714,2023-02-12,CUST714,PROD002,1,500
715,2023-11-26,CUST715,PROD009,4,100
716,2023-08-08,CUST716,PROD012,4,1200
717,2023-03-11,CUST717,PROD002,1,500
718,2023-08-25,CUST718,PROD009,3,75
719,2023-04-04,CUST719,PROD011,2,60
720,2023-01-26,CUST720,PROD013,3,1500
721,2023-05-14,CUST721,PROD002,1,500
722,2023-07-14,CUST722,PROD014,3,900
723,2023-06-17,CUST723,PROD001,4,200
724,2023-04-19,CUST724,PROD008,3,150
725,2023-08-21,CUST725,PROD007,1,300
726,2023-06-17,CUST726,PROD012,4,1200
727,2023-06-22,CUST727,PROD014,3,900
728,2023-07-14,CUST728,PROD015,3,150
729,2023-05-23,CUST729,PROD012,4,1200
730,2023-08-04,CUST730,PROD005,2,50
731,2023-05-10,CUST731,PROD002,4,2000
732,2023-02-11,CUST732,PROD010,2,1000
733,2023-08-29,CUST733,PROD004,1,30
734,2023-01-10,CUST734,PROD011,1,30
735,2023-10-04,CUST735,PROD002,4,2000
736,2023-01-27,CUST736,PROD005,4,100
737,2023-06-29,CUST737,PROD008,1,50
738,2023-04-25,CUST738,PROD008,2,100
739,2023-11-29,CUST739,PROD009,1,25
740,2023-02-05,CUST740,PROD001,4,200
741,2023-11-30,CUST741,PROD012,1,300
742,2023-01-21,CUST742,PROD010,4,2000
743,2023-01-16,CUST743,PROD013,4,2000
744,2023-05-07,CUST744,PROD006,1,25
745,2023-04-13,CUST745,PROD001,2,100
746,2023-01-11,CUST746,PROD011,3,90
747,2023-11-15,CUST747,PROD004,1,30
748,2023-03-20,CUST748,PROD008,3,150
749,2023-05-03,CUST749,PROD004,1,30
750,2023-03-06,CUST750,PROD005,3,75
751,2023-08-31,CUST751,PROD005,2,50
752,2023-12-09,CUST752,PROD008,2,100
753,2023-02-28,CUST753,PROD011,1,30
754,2023-10-16,CUST754,PROD006,4,100
755,2023-04-22,CUST755,PROD005,3,75
756,2023-08-27,CUST756,PROD007,4,1200
757,2023-12-25,CUST757,PROD007,4,1200
758,2023-05-12,CUST758,PROD005,4,100
759,2023-07-08,CUST759,PROD015,2,100
760,2023-03-27,CUST760,PROD013,1,500
761,2023-11-07,CUST761,PROD002,1,500
762,2023-11-07,CUST762,PROD006,2,50
763,2023-02-28,CUST763,PROD005,2,50
764,2023-03-25,CUST764,PROD005,1,25
765,2023-06-09,CUST765,PROD008,4,200
766,2023-02-25,CUST766,PROD007,3,900
767,2023-10-24,CUST767,PROD009,3,75
768,2023-01-14,CUST768,PROD009,3,75
769,2023-06-09,CUST769,PROD003,4,120
770,2023-10-22,CUST770,PROD008,1,50
771,2023-12-13,CUST771,PROD006,2,50
772,2023-07-12,CUST772,PROD003,1,30
773,2023-07-23,CUST773,PROD010,4,2000
774,2023-04-12,CUST774,PROD005,2,50
775,2023-02-08,CUST775,PROD006,4,100
776,2023-10-31,CUST776,PROD011,3,90
777,2023-12-20,CUST777,PROD015,3,150
778,2023-11-18,CUST778,PROD009,4,100
779,2023-05-05,CUST779,PROD010,2,1000
780,2023-02-22,CUST780,PROD006,2,50
781,2023-12-23,CUST781,PROD013,1,500
782,2023-06-04,CUST782,PROD012,3,900
783,2023-12-17,CUST783,PROD012,1,300
784,2023-11-04,CUST784,PROD010,1,500
785,2023-03-03,CUST785,PROD001,4,200
786,2023-10-17,CUST786,PROD005,4,100
787,2023-01-22,CUST787,PROD006,1,25
788,2023-06-27,CUST788,PROD014,3,900
789,2023-09-30,CUST789,PROD002,4,2000
790,2023-08-08,CUST790,PROD005,1,25
791,2023-12-05,CUST791,PROD009,1,25
792,2023-07-09,CUST792,PROD001,1,50
793,2023-02-05,CUST793,PROD004,1,30
794,2023-09-17,CUST794,PROD014,1,300
795,2023-11-28,CUST795,PROD007,1,300
796,2023-06-24,CUST796,PROD004,4,120
797,2023-01-07,CUST797,PROD005,3,75
798,2023-08-04,CUST798,PROD008,1,50
799,2023-09-08,CUST799,PROD015,2,100
800,2023-02-24,CUST800,PROD012,4,1200
801,2023-08-10,CUST801,PROD008,4,200
802,2023-07-05,CUST802,PROD004,1,30
803,2023-11-22,CUST803,PROD005,4,100
804,2023-08-24,CUST804,PROD003,1,30
805,2023-12-29,CUST805,PROD013,3,1500
806,2023-03-20,CUST806,PROD014,3,900
807,2023-08-11,CUST807,PROD015,4,200
808,2023-04-01,CUST808,PROD013,4,2000
809,2023-09-25,CUST809,PROD001,2,100
810,2023-11-30,CUST810,PROD006,4,100
811,2023-05-19,CUST811,PROD009,2,50
812,2023-11-12,CUST812,PROD006,3,75
813,2023-10-03,CUST813,PROD015,3,150
814,2023-09-05,CUST814,PROD002,1,500
815,2023-08-27,CUST815,PROD005,3,75
816,2023-08-12,CUST816,PROD013,2,1000
817,2023-10-31,CUST817,PROD001,4,200
818,2023-05-18,CUST818,PROD010,1,500
819,2023-06-15,CUST819,PROD001,2,100
820,2023-05-06,CUST820,PROD015,4,200
821,2023-02-14,CUST821,PROD007,1,300
822,2023-05-23,CUST822,PROD001,3,150
823,2023-08-19,CUST823,PROD015,2,100
824,2023-05-05,CUST824,PROD011,4,120
825,2023-08-26,CUST825,PROD009,1,25
826,2023-10-19,CUST826,PROD012,1,300
827,2023-11-09,CUST827,PROD014,3,900
828,2023-12-09,CUST828,PROD007,4,1200
829,2023-07-14,CUST829,PROD004,3,90
830,2023-06-22,CUST830,PROD008,3,150
831,2023-01-15,CUST831,PROD006,4,100
832,2023-09-11,CUST832,PROD013,4,2000
833,2023-06-16,CUST833,PROD001,4,200
834,2023-04-04,CUST834,PROD004,2,60
835,2023-09-07,CUST835,PROD008,4,200
836,2023-04-19,CUST836,PROD008,1,50
837,2023-07-01,CUST837,PROD004,3,90
838,2023-05-13,CUST838,PROD007,2,600
839,2023-06-24,CUST839,PROD007,4,1200
840,2023-05-24,CUST840,PROD005,2,50
841,2023-11-02,CUST841,PROD006,4,100
842,2023-12-26,CUST842,PROD012,2,600
843,2023-05-22,CUST843,PROD013,3,1500
844,2023-10-12,CUST844,PROD008,3,150
845,2023-01-06,CUST845,PROD002,1,500
846,2023-09-22,CUST846,PROD001,1,50
847,2023-04-08,CUST847,PROD007,4,1200
848,2023-02-13,CUST848,PROD005,3,75
849,2023-05-04,CUST849,PROD005,2,50
850,2023-07-28,CUST850,PROD013,2,1000
851,2023-09-08,CUST851,PROD006,2,50
852,2023-10-12,CUST852,PROD012,1,300
853,2023-05-04,CUST853,PROD013,2,1000
854,2023-12-20,CUST854,PROD008,1,50
855,2023-09-01,CUST855,PROD009,1,25
856,2023-11-27,CUST856,PROD003,4,120
857,2023-12-31,CUST857,PROD006,2,50
858,2023-09-09,CUST858,PROD015,2,100
859,2023-08-18,CUST859,PROD010,3,1500
860,2023-01-09,CUST860,PROD008,4,200
861,2023-02-17,CUST861,PROD011,3,90
862,2023-05-31,CUST862,PROD007,4,1200
863,2023-04-24,CUST863,PROD006,2,50
864,2023-07-27,CUST864,PROD010,1,500
865,2023-12-21,CUST865,PROD012,1,300
866,2023-05-05,CUST866,PROD015,1,50
867,2023-06-06,CUST867,PROD010,1,500
868,2023-12-06,CUST868,PROD007,1,300
869,2023-10-25,CUST869,PROD013,3,1500
870,2023-07-08,CUST870,PROD003,4,120
871,2023-08-31,CUST871,PROD004,2,60
872,2023-10-11,CUST872,PROD009,3,75
873,2023-09-29,CUST873,PROD006,4,100
874,2023-06-26,CUST874,PROD004,1,30
875,2023-08-06,CUST875,PROD010,4,2000
876,2023-10-09,CUST876,PROD011,4,120
877,2023-06-19,CUST877,PROD005,1,25
878,2023-06-30,CUST878,PROD011,1,30
879,2023-12-26,CUST879,PROD011,1,30
880,2023-08-21,CUST880,PROD013,2,1000
881,2023-05-19,CUST881,PROD007,1,300
882,2023-06-06,CUST882,PROD006,2,50
883,2023-05-09,CUST883,PROD010,1,500
884,2023-04-29,CUST884,PROD011,2,60
885,2023-03-03,CUST885,PROD011,4,120
886,2023-04-09,CUST886,PROD007,3,900
887,2023-06-11,CUST887,PROD005,4,100
888,2023-03-03,CUST888,PROD006,4,100
889,2023-10-02,CUST889,PROD015,1,50
890,2023-12-20,CUST890,PROD006,2,50
891,2023-04-05,CUST891,PROD007,3,900
892,2023-04-09,CUST892,PROD015,1,50
893,2023-04-21,CUST893,PROD015,1,50
894,2023-09-05,CUST894,PROD003,1,30
895,2023-05-22,CUST895,PROD011,4,120
896,2023-10-29,CUST896,PROD006,2,50
897,2023-09-26,CUST897,PROD015,2,100
898,2023-11-02,CUST898,PROD011,3,90
899,2023-05-25,CUST899,PROD012,2,600
900,2023-02-21,CUST900,PROD011,2,60
901,2023-04-10,CUST901,PROD003,1,30
902,2023-06-01,CUST902,PROD001,1,50
903,2023-04-27,CUST903,PROD001,4,200
904,2023-07-04,CUST904,PROD002,1,500
905,2023-04-02,CUST905,PROD014,1,300
906,2023-06-04,CUST906,PROD008,1,50
907,2023-01-08,CUST907,PROD006,1,25
908,2023-12-29,CUST908,PROD014,4,1200
909,2023-10-01,CUST909,PROD007,1,300
910,2023-03-06,CUST910,PROD001,3,150
911,2023-05-21,CUST911,PROD007,3,900
912,2023-01-24,CUST912,PROD001,3,150
913,2023-01-28,CUST913,PROD003,3,90
914,2023-10-11,CUST914,PROD010,1,500
915,2023-05-30,CUST915,PROD004,3,90
916,2023-12-24,CUST916,PROD015,1,50
917,2023-03-06,CUST917,PROD015,4,200
918,2023-11-23,CUST918,PROD003,3,90
919,2023-09-09,CUST919,PROD009,2,50
920,2023-02-22,CUST920,PROD009,3,75
921,2023-01-07,CUST921,PROD006,3,75
922,2023-10-21,CUST922,PROD015,1,50
923,2023-05-26,CUST923,PROD014,3,900
924,2023-08-29,CUST924,PROD001,2,100
925,2023-09-03,CUST925,PROD007,1,300
926,2023-08-14,CUST926,PROD003,1,30
927,2023-06-24,CUST927,PROD010,4,2000
928,2023-04-05,CUST928,PROD012,4,1200
929,2023-01-27,CUST929,PROD009,3,75
930,2023-05-10,CUST930,PROD008,4,200
931,2023-09-02,CUST931,PROD004,4,120
932,2023-02-28,CUST932,PROD009,4,100
933,2023-02-03,CUST933,PROD004,1,30
934,2023-07-25,CUST934,PROD013,1,500
935,2023-09-09,CUST935,PROD001,1,50
936,2023-02-07,CUST936,PROD001,4,200
937,2023-10-23,CUST937,PROD013,1,500
938,2023-11-19,CUST938,PROD008,4,200
939,2023-12-18,CUST939,PROD007,1,300
940,2023-01-28,CUST940,PROD003,1,30
941,2023-03-19,CUST941,PROD005,2,50
942,2023-03-18,CUST942,PROD002,3,1500
943,2023-10-16,CUST943,PROD012,4,1200
944,2023-06-05,CUST944,PROD005,2,50
945,2023-02-13,CUST945,PROD009,1,25
946,2023-05-08,CUST946,PROD010,4,2000
947,2023-03-02,CUST947,PROD014,1,300
948,2023-10-13,CUST948,PROD006,3,75
949,2023-08-02,CUST949,PROD006,2,50
950,2023-11-07,CUST950,PROD012,3,900
951,2023-11-02,CUST951,PROD001,2,100
952,2023-11-13,CUST952,PROD005,1,25
953,2023-04-26,CUST953,PROD004,3,90
954,2023-09-25,CUST954,PROD007,3,900
955,2023-07-14,CUST955,PROD005,1,25
956,2023-08-19,CUST956,PROD002,3,1500
957,2023-08-15,CUST957,PROD003,4,120
958,2023-06-02,CUST958,PROD006,2,50
959,2023-10-29,CUST959,PROD003,2,60
960,2023-08-08,CUST960,PROD011,2,60
961,2023-06-06,CUST961,PROD001,4,200
962,2023-10-19,CUST962,PROD011,2,60
963,2023-11-14,CUST963,PROD001,1,50
964,2023-01-31,CUST964,PROD012,3,900
965,2023-11-09,CUST965,PROD008,4,200
966,2023-02-20,CUST966,PROD010,2,1000
967,2023-04-17,CUST967,PROD009,1,25
968,2023-11-17,CUST968,PROD012,3,900
969,2023-04-19,CUST969,PROD012,3,900
970,2023-05-16,CUST970,PROD010,4,2000
971,2023-12-05,CUST971,PROD015,4,200
972,2023-02-11,CUST972,PROD009,4,100
973,2023-03-22,CUST973,PROD008,1,50
974,2023-05-03,CUST974,PROD004,1,30
975,2023-03-30,CUST975,PROD008,4,200
976,2023-10-10,CUST976,PROD014,2,600
977,2023-02-08,CUST977,PROD006,3,75
978,2023-03-22,CUST978,PROD008,3,150
979,2023-01-02,CUST979,PROD009,1,25
980,2023-07-29,CUST980,PROD006,3,75
981,2023-08-19,CUST981,PROD003,2,60
982,2023-12-19,CUST982,PROD004,3,90
983,2023-11-01,CUST983,PROD012,1,300
984,2023-08-29,CUST984,PROD002,1,500
985,2023-05-30,CUST985,PROD006,2,50
986,2023-01-17,CUST986,PROD002,2,1000
987,2023-04-29,CUST987,PROD012,3,900
988,2023-05-28,CUST988,PROD005,3,75
989,2023-12-28,CUST989,PROD006,1,25
990,2023-05-25,CUST990,PROD013,2,1000
991,2023-12-26,CUST991,PROD008,2,100
992,2023-08-21,CUST992,PROD003,2,60
993,2023-02-06,CUST993,PROD015,3,150
994,2023-12-18,CUST994,PROD013,2,1000
995,2023-04-30,CUST995,PROD011,1,30
996,2023-05-16,CUST996,PROD008,1,50
997,2023-11-17,CUST997,PROD004,3,90
998,2023-10-29,CUST998,PROD009,4,100
999,2023-12-05,CUST999,PROD015,3,150
1000,2023-04-12,CUST1000,PROD003,4,120
